{
    "variants": {
        "facing=north,part=foot": { "model": "rot_foot", "y": 180 },
        "facing=east,part=foot":  { "model": "blau_foot", "y": 270 },
        "facing=south,part=foot": { "model": "grun_foot" },
        "facing=west,part=foot":  { "model": "gelb_foot", "y": 90 },
        "facing=north,part=head": { "model": "rot_head", "y": 180 },
        "facing=east,part=head":  { "model": "blau_head", "y": 270 },
        "facing=south,part=head": { "model": "grun_head" },
        "facing=west,part=head":  { "model": "gelb_head", "y": 90 }
    }
}
