{
    "textures": {
"particle": "blocks/glass",
        "glass": "minecraft:blocks/glass_pane_top"
    },
    "display": {
        "gui": {
            "rotation": [ 30, 45, 0 ],
            "translation": [ 0, 0, 0 ],
            "scale": [ 0.625, 0.625, 0.625 ]
        },
        "ground": {
            "rotation": [ 0, 0, 0 ],
            "translation": [ 0, 3, 0 ],
            "scale": [ 0.25, 0.25, 0.25 ]
        },
        "fixed": {
            "rotation": [ 0, 180, 0 ],
            "translation": [ 0, 0, 0 ],
            "scale": [ 1, 1, 1 ]
        },
        "head": {
            "rotation": [ 0, 180, 0 ],
            "translation": [ 0, 0, 0 ],
            "scale": [ 1, 1, 1 ]
        },
        "firstperson_righthand": {
            "rotation": [ 0, 315, 0 ],
            "translation": [ 0, 2.5, 0 ],
            "scale": [ 0.4, 0.4, 0.4 ]
        },
        "thirdperson_righthand": {
            "rotation": [ 75, 315, 0 ],
            "translation": [ 0, 2.5, 0 ],
            "scale": [ 0.375, 0.375, 0.375 ]
        }
    },
    "elements": [
        {
            "name": "Cube",
            "from": [ 7, 0, 7 ], 
            "to": [ 9, 16, 9 ], 
            "faces": {
                "north": { "texture": "#glass", "uv": [ 7, 0, 9, 16 ] },
                "east": { "texture": "#glass", "uv": [ 7, 0, 9, 16 ] },
                "south": { "texture": "#glass", "uv": [ 7, 0, 9, 16 ] },
                "west": { "texture": "#glass", "uv": [ 7, 0, 9, 16 ] },
                "up": { "texture": "#glass", "uv": [ 7, 0, 9, 2 ] },
                "down": { "texture": "#glass", "uv": [ 7, 0, 9, 2 ] }
            }
        }
    ]
}