{
    "textures": {
        "particle": "Betten/grun_head_top",
        "top": "Betten/grun_head_top",
        "end": "Betten/head_end",
        "side": "Betten/grun_head_side",
        "bottom": "blocks/planks_oak"
    },
    "elements": [
        {   "from": [ 0, 0, 0 ],
            "to": [ 16, 9, 16 ],
            "faces": {
                "up":    { "uv": [  0, 16, 16,  0 ], "texture": "#top", "rotation": 90 },
                "south": { "uv": [  0,  7, 16, 16 ], "texture": "#end" },
                "west":  { "uv": [  0,  7, 16, 16 ], "texture": "#side" },
                "east":  { "uv": [ 16,  7,  0, 16 ], "texture": "#side" }
            }
        },
        {   "from": [ 0, 3, 0 ],
            "to": [ 16, 3, 16 ],
            "faces": {
                "down":  { "uv": [ 0, 0, 16, 16 ], "texture": "#bottom" }
            }
        }
    ]
}
